{"inputUnits":[34],"outputUnits":5,"inputs":{"0":{"dtype":"number","min":247.4886103401407,"max":434.9540014434279},"1":{"dtype":"number","min":29.96221888135051,"max":242.27712679559954},"2":{"dtype":"number","min":268.54884275916027,"max":452.3337244104456},"3":{"dtype":"number","min":10.482187847412575,"max":224.5682851334064},"4":{"dtype":"number","min":225.41971485517178,"max":414.2124028791461},"5":{"dtype":"number","min":9.661153157552079,"max":222.1897320068835},"6":{"dtype":"number","min":300.8336170932703,"max":476.9421899806686},"7":{"dtype":"number","min":19.357170491655424,"max":238.1645395230596},"8":{"dtype":"number","min":195.09222584625897,"max":381.46879155268675},"9":{"dtype":"number","min":21.435396220484208,"max":236.80424205043857},"10":{"dtype":"number","min":331.69501053659536,"max":515.9430642527678},"11":{"dtype":"number","min":146.2287102712293,"max":371.9246716713115},"12":{"dtype":"number","min":146.41252365261025,"max":354.3802986368101},"13":{"dtype":"number","min":148.3363541571485,"max":347.55276388127436},"14":{"dtype":"number","min":372.12141486868757,"max":568.9819145574439},"15":{"dtype":"number","min":276.9263269376104,"max":529.1057790417884},"16":{"dtype":"number","min":114.47626362999512,"max":311.7520028573495},"17":{"dtype":"number","min":238.8824213039108,"max":517.7691305357578},"18":{"dtype":"number","min":368.9032291761848,"max":548.654002288164},"19":{"dtype":"number","min":264.43390190020403,"max":539.8697089777122},"20":{"dtype":"number","min":71.09285767315424,"max":367.01004831414474},"21":{"dtype":"number","min":121.32688288103068,"max":559.6992251747532},"22":{"dtype":"number","min":307.5453777945297,"max":522.2779798600641},"23":{"dtype":"number","min":346.2287495336105,"max":550.9013363724796},"24":{"dtype":"number","min":177.5013960453502,"max":389.1357594391523},"25":{"dtype":"number","min":394.7653430247167,"max":554.3828402811091},"26":{"dtype":"number","min":321.410873294109,"max":525.8224070885492},"27":{"dtype":"number","min":348.3886004888523,"max":551.9651035955775},"28":{"dtype":"number","min":146.1967316566155,"max":425.365749901963},"29":{"dtype":"number","min":451.903542561373,"max":556.0238308376736},"30":{"dtype":"number","min":318.4184546219675,"max":550.6854902419894},"31":{"dtype":"number","min":411.5488670304504,"max":559.8746103803549},"32":{"dtype":"number","min":135.11303074411015,"max":438.03745864659953},"33":{"dtype":"number","min":521.5887680202432,"max":563.5268055579351}},"outputs":{"0":{"dtype":"string","min":0,"max":1,"uniqueValues":["r","y","n","u","d"],"legend":{"r":[1,0,0,0,0],"y":[0,1,0,0,0],"n":[0,0,1,0,0],"u":[0,0,0,1,0],"d":[0,0,0,0,1]}}},"isNormalized":true}